courseID,studentID,dropout
CRS5c21e7b6ecb710.15500033,STD_5c96aef14f7496.33836012,1
CRS5c4eb123cbbbe9.91086078,STD_0000001,0
CRS5c4eb123cbbbe9.91086078,STD_5c96aef14f7496.33836012,1
CRS5c4eb123cbbbe9.91086078,STD_5ca9d78252c711.63825561,1
CRS5c4eb123cbbbe9.91086078,STD_5caa8489d38f92.41826219,0
CRS5c4eb123cbbbe9.91086078,STD_5caa88fd8b1b95.52450101,1
