courseID,studentID,dropout
CRS5c4eb123cbbbe9.91086078,STD_0000001,1
CRS5c4eb123cbbbe9.91086078,STD_5c96aef14f7496.33836012,0
