courseID,studentID,ndays_act,nday_inAct,nevents,nplayvideo
CRS5c21e7b6ecb710.15500033,STD_5c96aef14f7496.33836012,2,-1,7,1
CRS5c4eb123cbbbe9.91086078,STD_0000001,2,68,4,4
CRS5c4eb123cbbbe9.91086078,STD_5c96aef14f7496.33836012,2,13,28,3
CRS5c4eb123cbbbe9.91086078,STD_5ca9d78252c711.63825561,2,-1,17,4
CRS5c4eb123cbbbe9.91086078,STD_5caa8489d38f92.41826219,1,-1,25,5
CRS5c4eb123cbbbe9.91086078,STD_5caa88fd8b1b95.52450101,1,-1,17,2
